totim,kstp,kper,zone,DATA-SPDIS-IN,DATA-SAT-IN,DATA-SPDIS-OUT,DATA-SAT-OUT,FROM ZONE 0,FROM ZONE 1,FROM ZONE 2,FROM ZONE 3,FROM ZONE 4,TO ZONE 0,TO ZONE 1,TO ZONE 2,TO ZONE 3,TO ZONE 4
100000000.0000000,1,1,1,.000000000000000,.000000000000000,.000000000000000,.000000000000000,.000000000000000,.000000000000000,.000000000000000,116.0793146462596,2465.399598610971,.000000000000000,.000000000000000,2541.912954751650,116.0754580948017,2465.142463819518
100000000.0000000,1,1,2,.000000000000000,.000000000000000,.000000000000000,.000000000000000,.000000000000000,2541.912954751650,.000000000000000,.000000000000000,.000000000000000,.000000000000000,.000000000000000,.000000000000000,.000000000000000,.000000000000000
100000000.0000000,1,1,3,.000000000000000,.000000000000000,.000000000000000,.000000000000000,.000000000000000,116.0754580948017,.000000000000000,.000000000000000,.000000000000000,.000000000000000,116.0793146462595,.000000000000000,.000000000000000,.000000000000000
100000000.0000000,1,1,4,.000000000000000,.000000000000000,.000000000000000,.000000000000000,.000000000000000,2465.142463819518,.000000000000000,.000000000000000,.000000000000000,.000000000000000,2465.399598610971,.000000000000000,.000000000000000,.000000000000000
