totim,kstp,kper,zone,DATA-SPDIS-IN,DATA-SAT-IN,DATA-SPDIS-OUT,DATA-SAT-OUT,FROM ZONE 0,FROM ZONE 1,FROM ZONE 2,FROM ZONE 3,FROM ZONE 4,TO ZONE 0,TO ZONE 1,TO ZONE 2,TO ZONE 3,TO ZONE 4
100000000.0000000,1,1,1,.000000000000000,.000000000000000,.000000000000000,.000000000000000,.000000000000000,.000000000000000,.000000000000000,285.8798432311598,2560.870804509659,.000000000000000,.000000000000000,2623.850554906695,281.6406322954933,2560.461088451938
100000000.0000000,1,1,2,.000000000000000,.000000000000000,.000000000000000,.000000000000000,.000000000000000,2623.850554906695,.000000000000000,.000000000000000,.000000000000000,.000000000000000,.000000000000000,.000000000000000,.000000000000000,.000000000000000
100000000.0000000,1,1,3,.000000000000000,.000000000000000,.000000000000000,.000000000000000,.000000000000000,281.6406322954933,.000000000000000,.000000000000000,.000000000000000,.000000000000000,285.8798432311595,.000000000000000,.000000000000000,.000000000000000
100000000.0000000,1,1,4,.000000000000000,.000000000000000,.000000000000000,.000000000000000,.000000000000000,2560.461088451938,.000000000000000,.000000000000000,.000000000000000,.000000000000000,2560.870804509659,.000000000000000,.000000000000000,.000000000000000
