totim,kstp,kper,zone,DATA-SPDIS-IN,DATA-SAT-IN,DATA-SPDIS-OUT,DATA-SAT-OUT,FROM ZONE 0,FROM ZONE 1,FROM ZONE 2,FROM ZONE 3,FROM ZONE 4,TO ZONE 0,TO ZONE 1,TO ZONE 2,TO ZONE 3,TO ZONE 4
100000000.0000000,1,1,1,.000000000000000,.000000000000000,.000000000000000,.000000000000000,.000000000000000,.000000000000000,.000000000000000,17.25444070750246,2468.242368396376,.000000000000000,.000000000000000,2518.226491156359,17.19974177304899,2468.125967243559
100000000.0000000,1,1,2,.000000000000000,.000000000000000,.000000000000000,.000000000000000,.000000000000000,2518.226491156359,.000000000000000,.000000000000000,.000000000000000,.000000000000000,.000000000000000,.000000000000000,.000000000000000,.000000000000000
100000000.0000000,1,1,3,.000000000000000,.000000000000000,.000000000000000,.000000000000000,.000000000000000,17.19974177304901,.000000000000000,.000000000000000,.000000000000000,.000000000000000,17.25444070750248,.000000000000000,.000000000000000,.000000000000000
100000000.0000000,1,1,4,.000000000000000,.000000000000000,.000000000000000,.000000000000000,.000000000000000,2468.125967243559,.000000000000000,.000000000000000,.000000000000000,.000000000000000,2468.242368396376,.000000000000000,.000000000000000,.000000000000000
