totim,kstp,kper,zone,DATA-SPDIS-IN,DATA-SAT-IN,DATA-SPDIS-OUT,DATA-SAT-OUT,FROM ZONE 0,FROM ZONE 1,FROM ZONE 2,FROM ZONE 3,FROM ZONE 4,TO ZONE 0,TO ZONE 1,TO ZONE 2,TO ZONE 3,TO ZONE 4
100000000.0000000,1,1,1,.000000000000000,.000000000000000,.000000000000000,.000000000000000,.000000000000000,.000000000000000,.000000000000000,17.25444070750246,834.4343086070500,.000000000000000,.000000000000000,852.2589036551805,17.19974177304899,834.5332781293309
100000000.0000000,1,1,2,.000000000000000,.000000000000000,.000000000000000,.000000000000000,.000000000000000,852.2589036551805,.000000000000000,.000000000000000,.000000000000000,.000000000000000,.000000000000000,.000000000000000,.000000000000000,.000000000000000
100000000.0000000,1,1,3,.000000000000000,.000000000000000,.000000000000000,.000000000000000,.000000000000000,17.19974177304901,.000000000000000,.000000000000000,.000000000000000,.000000000000000,17.25444070750248,.000000000000000,.000000000000000,.000000000000000
100000000.0000000,1,1,4,.000000000000000,.000000000000000,.000000000000000,.000000000000000,.000000000000000,834.5332781293309,.000000000000000,.000000000000000,.000000000000000,.000000000000000,834.4343086070500,.000000000000000,.000000000000000,.000000000000000
