time,GWF_IN,INFILTRATION_IN,REJ-INF_IN,STORAGE_IN,GWF_OUT,INFILTRATION_OUT,REJ-INF_OUT,STORAGE_OUT,TOTAL_IN,TOTAL_OUT,PERCENT_DIFFERENCE
100000000.0000000,.000000000000000,.000000000000000,.000000000000000,.000000000000000,1216.151798989813,.000000000000000,6271424.119731554,.000000000000000,.000000000000000,6272640.271530543,-200.0000000000000
